CREATE DATABASE  IF NOT EXISTS `dgt` /*!40100 DEFAULT CHARACTER SET utf8 */;
USE `dgt`;
-- MySQL dump 10.13  Distrib 8.0.13, for Win64 (x86_64)
--
-- Host: 127.0.0.1    Database: dgt
-- ------------------------------------------------------
-- Server version	8.0.13

/*!40101 SET @OLD_CHARACTER_SET_CLIENT=@@CHARACTER_SET_CLIENT */;
/*!40101 SET @OLD_CHARACTER_SET_RESULTS=@@CHARACTER_SET_RESULTS */;
/*!40101 SET @OLD_COLLATION_CONNECTION=@@COLLATION_CONNECTION */;
 SET NAMES utf8 ;
/*!40103 SET @OLD_TIME_ZONE=@@TIME_ZONE */;
/*!40103 SET TIME_ZONE='+00:00' */;
/*!40014 SET @OLD_UNIQUE_CHECKS=@@UNIQUE_CHECKS, UNIQUE_CHECKS=0 */;
/*!40014 SET @OLD_FOREIGN_KEY_CHECKS=@@FOREIGN_KEY_CHECKS, FOREIGN_KEY_CHECKS=0 */;
/*!40101 SET @OLD_SQL_MODE=@@SQL_MODE, SQL_MODE='NO_AUTO_VALUE_ON_ZERO' */;
/*!40111 SET @OLD_SQL_NOTES=@@SQL_NOTES, SQL_NOTES=0 */;

--
-- Table structure for table `agente`
--

DROP TABLE IF EXISTS `agente`;
/*!40101 SET @saved_cs_client     = @@character_set_client */;
 SET character_set_client = utf8mb4 ;
CREATE TABLE `agente` (
  `id` int(11) NOT NULL AUTO_INCREMENT,
  `nombre` varchar(45) NOT NULL,
  `placa` int(11) NOT NULL,
  `id_departamento` int(11) DEFAULT NULL,
  PRIMARY KEY (`id`),
  UNIQUE KEY `placa_UNIQUE` (`placa`),
  KEY `fk_agente_departamento_idx` (`id_departamento`),
  CONSTRAINT `fk_agente_departamento` FOREIGN KEY (`id_departamento`) REFERENCES `departamento` (`id`)
) ENGINE=InnoDB AUTO_INCREMENT=6 DEFAULT CHARSET=utf8;
/*!40101 SET character_set_client = @saved_cs_client */;

--
-- Dumping data for table `agente`
--

LOCK TABLES `agente` WRITE;
/*!40000 ALTER TABLE `agente` DISABLE KEYS */;
INSERT INTO `agente` VALUES (1,'Majonei',123456,39),(2,'Johnny Walker',987654,36),(3,'Monk',324586,38),(4,'Takelberry',87456,37),(5,'Tontimmy',998776,37);
/*!40000 ALTER TABLE `agente` ENABLE KEYS */;
UNLOCK TABLES;

--
-- Table structure for table `coche`
--

DROP TABLE IF EXISTS `coche`;
/*!40101 SET @saved_cs_client     = @@character_set_client */;
 SET character_set_client = utf8mb4 ;
CREATE TABLE `coche` (
  `id` int(11) NOT NULL AUTO_INCREMENT,
  `matricula` varchar(10) NOT NULL,
  `modelo` varchar(45) NOT NULL DEFAULT 'cuatro latas',
  `km` int(11) NOT NULL DEFAULT '0',
  PRIMARY KEY (`id`),
  UNIQUE KEY `matricula_UNIQUE` (`matricula`)
) ENGINE=InnoDB AUTO_INCREMENT=6 DEFAULT CHARSET=utf8;
/*!40101 SET character_set_client = @saved_cs_client */;

--
-- Dumping data for table `coche`
--

LOCK TABLES `coche` WRITE;
/*!40000 ALTER TABLE `coche` DISABLE KEYS */;
INSERT INTO `coche` VALUES (1,'3548MKZ','Toyota Yaris',500),(2,'9605EFH','Fiat multipla',800),(3,'5674MBD','GRT',1800),(4,'BI0020AZ','flagoneta',47500);
/*!40000 ALTER TABLE `coche` ENABLE KEYS */;
UNLOCK TABLES;

--
-- Table structure for table `departamento`
--

DROP TABLE IF EXISTS `departamento`;
/*!40101 SET @saved_cs_client     = @@character_set_client */;
 SET character_set_client = utf8mb4 ;
CREATE TABLE `departamento` (
  `id` int(11) NOT NULL AUTO_INCREMENT,
  `nombre` varchar(50) NOT NULL,
  PRIMARY KEY (`id`)
) ENGINE=InnoDB AUTO_INCREMENT=40 DEFAULT CHARSET=utf8;
/*!40101 SET character_set_client = @saved_cs_client */;

--
-- Dumping data for table `departamento`
--

LOCK TABLES `departamento` WRITE;
/*!40000 ALTER TABLE `departamento` DISABLE KEYS */;
INSERT INTO `departamento` VALUES (31,'ventas'),(33,'ingenieria'),(34,'produccion'),(35,'mercadeo'),(36,'Alcholemia'),(37,'oficinistas'),(38,'fealdad'),(39,'velocidad');
/*!40000 ALTER TABLE `departamento` ENABLE KEYS */;
UNLOCK TABLES;

--
-- Table structure for table `multa`
--

DROP TABLE IF EXISTS `multa`;
/*!40101 SET @saved_cs_client     = @@character_set_client */;
 SET character_set_client = utf8mb4 ;
CREATE TABLE `multa` (
  `id` int(11) NOT NULL AUTO_INCREMENT,
  `importe` float DEFAULT '50',
  `concepto` varchar(255) DEFAULT NULL,
  `fecha_alta` datetime DEFAULT CURRENT_TIMESTAMP,
  `id_coche` int(11) NOT NULL,
  `id_agente` int(11) NOT NULL,
  `fecha_mod` datetime DEFAULT CURRENT_TIMESTAMP,
  `fecha_baja` datetime DEFAULT NULL,
  PRIMARY KEY (`id`),
  KEY `fk_multa_coches_idx` (`id_coche`) /*!80000 INVISIBLE */,
  KEY `fk__idx` (`id_agente`),
  CONSTRAINT `fk_multa_agente` FOREIGN KEY (`id_agente`) REFERENCES `agente` (`id`),
  CONSTRAINT `fk_multa_coches` FOREIGN KEY (`id_coche`) REFERENCES `coche` (`id`)
) ENGINE=InnoDB AUTO_INCREMENT=12 DEFAULT CHARSET=utf8;
/*!40101 SET character_set_client = @saved_cs_client */;

--
-- Dumping data for table `multa`
--

LOCK TABLES `multa` WRITE;
/*!40000 ALTER TABLE `multa` DISABLE KEYS */;
INSERT INTO `multa` VALUES (1,200,'por feo','2019-01-07 10:37:13',2,3,NULL,NULL),(2,500,'exceso velocidad a 240km/h','2019-01-07 10:38:43',4,4,NULL,NULL),(3,700,'por empinar codo 8.0','2019-01-07 10:41:09',1,2,NULL,NULL),(4,700,'por empinar codo 8.0','2018-12-31 22:40:52',1,2,NULL,NULL),(5,800,'por velcoidad','2019-01-07 13:16:21',4,4,NULL,NULL),(6,300,'otra multa','2019-01-07 13:48:49',4,1,NULL,NULL),(7,45,'tuputamadre',NULL,2,4,NULL,NULL),(8,43333,'dfgrsthrtsh',NULL,2,4,NULL,NULL),(9,11,'vvvvv',NULL,2,4,NULL,NULL),(10,23,'sssss',NULL,2,4,NULL,NULL),(11,55555,'dcxxxx','2019-01-10 14:23:44',2,4,NULL,NULL);
/*!40000 ALTER TABLE `multa` ENABLE KEYS */;
UNLOCK TABLES;

--
-- Dumping events for database 'dgt'
--

--
-- Dumping routines for database 'dgt'
--
/*!40103 SET TIME_ZONE=@OLD_TIME_ZONE */;

/*!40101 SET SQL_MODE=@OLD_SQL_MODE */;
/*!40014 SET FOREIGN_KEY_CHECKS=@OLD_FOREIGN_KEY_CHECKS */;
/*!40014 SET UNIQUE_CHECKS=@OLD_UNIQUE_CHECKS */;
/*!40101 SET CHARACTER_SET_CLIENT=@OLD_CHARACTER_SET_CLIENT */;
/*!40101 SET CHARACTER_SET_RESULTS=@OLD_CHARACTER_SET_RESULTS */;
/*!40101 SET COLLATION_CONNECTION=@OLD_COLLATION_CONNECTION */;
/*!40111 SET SQL_NOTES=@OLD_SQL_NOTES */;

-- Dump completed on 2019-01-11  9:41:03
